Month,Y,I,A,C,D,NAS,HE,GA,L,S,TD,EP,J,ED,PREX,FS,T,HH,E,SI,LC,PR,II,ITC,TC,SBA,VA,GS,FEM,CR,PM,JU,NS,AE,NF,W,P,CS,FT,ER,PE,GP,SSA,FR,IC,AA,PRVP,HS,SE,CSA,CC,NMB,N,MS,LR,FE,AC,IA,NCU,FP,FW,CAB,RR,FCA,NC,NA,MN,M,FAA,FHL,MC,PHE,FA,FMC,LGA,DC,OED,F,FL,ID,B,U,ONR,PL,CZ,OP,NHA,AR,CNF,UNI,AG,LGL,NASA,FM,SS,G,PA,GB,ES,ICA,OH,FCD,SB,OYR,OD,CA,PAT,FO,H,OGA,PGA,OT,CI,Z,OHW,OAE,OEP,STT,WT,PCA,PAG,NAT,AS,SCP,WY,CNG,HGY,LGH,X,MA,TA,TS,GAO,FTZ,FC,RL,PPW,PAC,FF,EC,EB,JA,DT,JUL,TF,OAG,OAU,OIE,OUC,OHU,OCM,OTP,WHO,PYH,PTR,PCO,RP,OAD,STH,EV,OSU,CNW,OYY,RS,UF,OL,PER,RNB,ESC,SQ,ATC,WA,VB
2016-09,109045,21834,20707,17088,10679,9879,7690,5830,5136,4593,3452,3234,3219,2732,1049,3994,1177,1139,940,973,913,401,2,745,605,562,557,399,344,403,368,151,295,279,273,210,1633,229,216,192,155,140,123,121,144,125,75,67,64,66,67,38,58,54,51,54,40,40,39,28,22,34,27,21,21,19,0,20,594,16,11,0,8,33,0,7,0,10,6,6,7,1,0,0,6,4,3,4,0,0,0,0,39,4,2,5,3,3,3,3,1,2,2,0,0,2,0,2,15,0,0,0,0,3,0,0,0,0,0,0,0,1,0,0,1,0,0,0,36,0,1,1,24,1,1,1,0,1,1,1,1,0,1,0,1,0,0,0,0,0,0,0,0,0,0,0,1,0,0,0,0,0,0,1,0,0,0,0,0,1,0,1,1
2016-10,109107,21858,20744,17100,10701,9882,7697,5834,5139,4601,3479,3235,3221,2734,1050,3995,1178,1140,953,973,913,401,2,745,606,563,557,400,344,403,368,151,295,279,273,210,1635,229,216,192,155,140,123,122,144,125,75,68,64,66,67,38,58,54,51,54,41,40,39,28,22,34,27,21,21,19,0,20,594,16,11,0,8,33,0,7,0,10,6,6,7,1,0,0,6,4,3,5,0,0,0,0,39,4,2,5,3,3,3,3,1,2,2,0,0,2,0,2,15,0,0,0,0,3,0,0,0,0,0,0,0,1,0,0,1,0,0,0,36,0,1,1,24,1,1,1,0,1,1,1,1,0,1,0,1,0,0,0,0,0,0,0,0,0,0,0,1,0,0,0,0,0,0,1,0,0,0,0,0,1,0,1,1
2016-11,109317,22013,20770,17127,10705,9895,7744,5882,5176,4613,3522,3246,3267,2752,1051,3997,1189,1140,1060,976,923,401,2,745,606,565,559,401,347,402,371,152,298,280,273,210,1644,229,217,193,155,140,126,122,144,126,75,68,64,66,67,38,58,55,51,54,41,40,39,28,22,34,27,21,21,19,0,20,594,16,11,0,8,33,0,7,0,10,6,6,7,1,0,0,6,4,3,5,0,0,0,0,39,4,2,5,3,3,3,3,1,2,2,0,0,2,0,2,15,0,0,0,0,3,0,0,0,0,0,0,0,1,0,0,1,0,0,0,36,0,1,1,24,1,1,1,0,1,1,1,1,0,1,0,1,0,0,0,0,0,0,0,0,0,0,0,1,0,0,0,0,0,0,1,0,0,0,0,0,1,0,1,1
2016-12,109629,22489,20922,17169,10728,9907,7949,5897,5206,4629,3602,3271,3335,2777,1065,4013,1207,1169,1089,994,950,413,2,745,607,568,560,414,388,402,372,154,298,280,274,221,1662,229,218,195,155,141,129,123,145,126,75,68,70,66,67,60,60,56,54,60,41,40,40,34,32,34,27,23,21,19,0,21,596,17,11,0,9,34,0,7,0,11,7,6,7,1,0,0,6,6,5,5,0,0,0,0,39,4,2,5,3,3,3,3,1,3,2,0,0,2,0,2,15,0,0,0,0,4,0,0,0,0,0,0,0,1,1,0,1,0,0,0,38,0,1,1,24,1,1,1,0,1,1,1,1,0,1,0,1,0,0,0,0,0,0,0,0,0,0,0,1,0,0,0,0,0,0,1,0,0,0,0,0,1,0,1,1
2017-01,109662,22562,20970,17196,10738,9910,7962,5903,5216,4638,3610,3272,3354,2778,1065,4017,1221,1170,1101,994,952,413,2,745,607,569,560,415,388,402,371,156,299,283,274,224,1667,231,219,195,156,141,130,126,145,126,75,68,70,66,67,65,61,56,54,60,41,40,40,34,32,35,27,24,21,19,0,22,597,17,12,0,9,34,9,7,0,11,7,6,7,1,0,0,6,6,5,5,0,0,0,0,39,4,2,5,3,3,3,3,1,3,2,0,0,2,0,2,16,0,0,0,0,4,0,0,0,0,0,0,0,1,1,0,1,0,0,0,38,0,1,1,24,1,1,1,0,1,1,1,1,0,1,0,1,0,0,0,0,0,0,0,0,0,0,0,1,0,0,0,0,0,0,1,0,0,0,0,0,1,0,1,1
2017-02,110130,22820,21088,17288,10874,9917,8035,5907,5242,4655,3674,3279,3403,2795,1071,4029,1238,1202,1116,1020,973,415,2,746,607,569,561,418,389,403,374,156,305,285,276,230,1682,234,220,196,160,144,134,128,145,127,75,69,70,67,67,65,65,56,54,60,42,40,40,34,32,35,27,24,21,20,0,23,597,18,12,0,9,35,9,8,4,12,7,6,7,2,1,1,6,6,5,5,3,0,0,0,39,4,3,5,3,3,3,3,3,3,2,0,0,2,0,2,16,0,0,0,0,4,1,0,0,0,1,0,0,1,1,0,1,0,0,0,40,0,1,1,24,1,1,1,0,1,1,1,1,0,1,0,1,0,0,0,0,0,1,0,1,0,0,1,2,0,0,0,0,0,0,1,0,0,1,0,0,1,0,1,1
2017-03,110571,23030,21193,17438,11046,9947,8145,5930,5274,4658,3726,3445,3528,2839,1072,4047,1250,1229,1131,1038,985,420,4,747,611,572,589,455,400,412,374,160,311,286,281,231,1725,237,222,200,160,144,135,129,146,129,74,69,70,67,68,65,66,56,54,62,45,40,40,35,32,35,27,24,21,20,0,23,598,18,12,0,9,36,9,8,4,12,7,6,7,2,1,1,6,6,5,5,3,0,1,0,39,4,3,5,3,3,3,3,3,3,2,0,0,2,0,2,16,0,0,0,0,5,1,0,0,0,1,0,0,1,1,0,1,0,0,0,41,0,1,1,25,1,1,1,0,1,1,1,1,0,1,0,1,0,0,0,0,0,1,0,1,0,0,1,5,0,0,0,0,0,0,1,0,0,1,0,0,1,0,1,1
2017-04,110799,23162,21255,17585,11090,9954,8214,5934,5285,4662,3739,3468,3542,2841,1073,4054,1255,1231,1141,1042,985,420,4,747,612,573,589,457,400,421,375,161,316,289,281,231,1726,240,222,202,160,144,135,131,148,131,74,69,70,67,68,65,67,56,54,62,47,40,40,36,32,36,27,24,21,20,0,23,598,18,12,0,9,36,9,8,4,12,7,6,7,2,1,1,6,6,5,5,3,0,1,0,39,4,5,5,3,3,3,3,3,3,2,0,0,2,0,2,16,0,0,0,0,5,1,0,0,0,1,0,0,1,1,0,1,0,0,0,42,0,1,1,25,1,1,1,0,1,2,1,1,0,1,0,1,0,0,0,0,0,1,0,1,0,0,1,5,0,0,0,0,0,0,1,0,0,1,0,0,1,0,1,1
2017-05,110825,23165,21265,17600,11116,9954,8322,5948,5283,4663,3743,3598,3543,2859,1073,4054,1255,1231,1175,1043,996,420,4,747,612,573,589,462,402,422,375,161,316,289,281,232,1728,240,222,203,160,144,135,157,148,131,74,69,70,67,68,65,67,56,55,62,47,40,40,36,32,36,27,24,21,20,0,23,598,18,12,0,9,35,9,8,4,12,7,6,7,2,1,1,6,6,5,5,3,0,1,0,39,4,5,5,3,3,3,3,3,3,2,0,0,2,0,2,16,0,0,0,0,5,1,0,0,0,1,0,0,1,1,0,1,0,0,0,42,0,1,1,25,1,1,1,0,1,2,1,1,0,1,0,1,0,0,0,0,0,1,0,1,0,0,1,5,0,0,0,0,0,0,1,0,0,1,0,0,1,0,1,1
2017-06,111225,23274,21610,17641,11594,9953,8405,5950,5288,4672,3762,3619,3546,2863,1072,4056,1259,1234,1181,1074,1016,421,4,747,613,574,590,463,711,422,376,161,317,293,284,233,1737,240,222,203,160,145,135,182,148,141,74,71,70,67,68,65,74,56,56,62,50,40,40,36,34,36,27,24,21,22,0,23,598,18,12,0,9,35,9,8,4,12,7,6,7,2,1,1,6,6,5,5,3,0,1,0,39,4,5,5,3,3,3,3,3,3,2,0,0,2,0,2,16,0,0,0,0,5,1,0,0,0,1,0,0,1,1,0,1,0,0,0,43,0,1,1,25,1,1,1,0,1,2,1,1,0,1,0,1,0,0,0,0,0,1,0,1,0,0,1,5,0,0,0,0,0,0,1,0,0,1,0,0,1,0,1,1
2017-07,111954,23326,23159,17680,13066,9954,8558,5960,5366,4778,3770,3647,3565,2870,1072,4065,1265,1242,1191,1087,1018,422,4,750,613,575,591,465,712,422,377,162,318,306,284,248,1747,240,223,203,160,149,135,195,154,141,74,72,69,67,68,65,74,56,56,62,50,40,40,36,34,36,27,24,21,23,0,24,598,18,12,0,9,35,9,8,4,12,7,6,7,2,1,1,6,6,5,5,3,0,1,0,39,4,5,5,3,3,3,3,3,3,2,0,0,2,0,2,16,0,0,0,0,5,1,0,0,0,1,0,0,1,1,0,1,0,0,0,43,0,1,1,25,1,1,1,0,1,2,1,1,0,1,0,1,1,0,0,0,0,1,0,1,0,0,1,5,0,0,0,0,0,0,1,0,0,1,0,0,1,0,1,1
2017-08,111921,23340,23025,17705,13107,9955,8551,5959,5360,4781,3769,3653,3564,2869,1077,4067,1263,1242,1191,1087,1018,422,4,750,613,575,591,465,995,422,377,162,319,301,284,247,1742,240,223,203,160,149,135,195,153,142,74,73,69,67,68,65,74,56,56,62,50,40,40,36,34,36,27,24,21,23,0,24,598,18,12,0,9,35,9,8,4,12,7,6,7,2,1,1,6,6,5,5,3,0,1,0,39,4,5,5,3,3,3,3,3,3,2,0,0,2,0,2,16,0,0,0,0,5,1,0,0,0,1,0,0,1,1,0,1,0,0,0,43,0,1,1,25,1,1,1,0,1,2,1,1,0,1,0,1,1,0,0,0,0,1,0,1,0,0,1,5,0,0,0,0,0,0,1,0,0,1,0,0,1,0,1,1
2017-09,112287,23380,23067,17767,13130,9966,8582,5968,5393,4918,3778,3691,3576,2888,1084,4101,1276,1543,1200,1123,1021,427,4,750,613,576,592,469,999,424,386,162,320,303,285,249,1746,241,225,206,160,149,143,198,153,142,74,74,68,67,68,65,76,58,56,62,50,40,40,37,34,36,27,24,21,23,0,24,598,18,12,0,9,35,9,8,4,12,7,6,7,2,1,1,6,6,5,5,3,0,1,0,39,4,6,5,3,3,3,3,3,3,2,0,0,2,0,2,16,0,0,0,0,5,1,0,0,0,1,0,0,1,1,0,1,0,0,0,45,0,1,1,25,1,1,1,0,1,2,1,1,0,1,0,1,4,0,0,0,0,1,0,1,0,0,1,5,0,0,0,0,0,0,1,0,0,1,0,0,1,0,1,1
2017-10,112309,23384,23195,17767,13137,9966,8582,5969,5393,4920,3780,3691,3575,2888,1084,4101,1282,1548,1200,1131,1022,427,4,750,613,576,592,469,999,424,386,162,320,307,285,250,1746,241,225,206,160,149,143,198,154,142,74,74,68,67,68,65,76,58,56,62,50,40,40,37,34,36,27,24,21,23,0,24,598,18,12,0,9,35,9,8,4,12,7,6,7,2,1,1,6,6,5,5,3,0,1,0,39,4,6,5,3,3,3,3,3,3,2,0,0,2,0,2,16,0,0,0,0,5,1,0,0,0,1,0,0,1,1,0,1,0,0,0,44,0,1,1,25,1,1,1,0,1,2,1,1,0,1,0,1,4,0,0,0,0,1,0,1,0,0,1,5,0,0,0,0,0,0,1,0,0,1,0,0,1,0,1,1
2017-11,113683,23486,23415,17994,13180,9966,8623,5984,5411,5236,3793,3749,3580,2905,1088,4105,1312,1547,1476,1141,1024,427,4,750,619,576,592,472,998,428,388,162,321,328,287,257,1752,241,225,254,160,149,143,203,154,142,74,74,68,67,68,65,76,58,56,63,50,40,40,37,190,37,27,24,21,23,0,24,602,18,13,0,9,35,9,8,4,12,7,6,7,2,1,1,6,6,5,5,3,0,1,0,39,4,6,5,3,3,3,3,3,3,2,0,0,2,0,2,16,0,0,0,0,5,1,0,0,0,1,0,0,1,1,0,1,0,0,0,47,0,1,1,25,1,1,1,0,1,2,1,1,0,1,0,1,4,0,0,0,0,1,0,1,0,0,1,5,1,0,0,0,0,0,1,0,0,1,0,0,1,0,1,1
2017-12,114059,23575,23561,18078,13216,9968,8655,5991,5424,5972,3797,3772,3587,2907,1092,4114,1311,1855,1479,1137,1052,428,4,750,619,578,592,472,1003,428,390,162,322,339,288,260,1759,242,226,255,161,150,143,203,154,142,74,75,68,67,68,65,77,58,56,63,54,40,40,39,190,37,27,24,21,23,0,24,602,18,13,0,9,35,9,8,4,12,7,6,7,2,1,1,7,6,5,5,3,0,1,0,39,4,6,5,3,3,3,3,3,3,2,0,0,2,0,2,17,0,0,0,0,5,1,0,0,0,1,0,0,1,1,0,1,0,0,0,48,0,1,1,25,1,1,1,0,1,2,1,1,0,1,0,1,4,0,0,0,0,1,0,1,0,0,1,5,1,0,0,0,0,0,1,0,0,1,0,0,1,0,1,1
2018-01,114084,23599,23667,18167,13224,9968,8657,6003,5424,6013,3797,3775,3589,2907,1092,4116,1314,1855,1484,1129,1052,428,4,750,619,578,592,630,1003,426,390,162,322,371,288,261,1761,242,226,256,161,150,143,205,155,144,74,76,68,67,68,65,77,58,57,63,54,40,41,39,190,37,27,24,21,23,0,24,602,18,13,0,9,35,9,8,4,12,7,6,7,2,1,1,7,6,5,5,3,0,1,0,39,4,6,5,3,3,3,3,3,3,2,0,0,2,0,2,17,0,0,0,0,5,1,0,0,0,1,0,0,1,1,0,1,0,0,0,48,0,1,1,25,1,1,1,0,1,2,1,1,0,1,0,1,4,0,0,0,0,1,0,1,0,0,1,5,0,0,0,0,0,0,1,0,0,1,0,0,1,0,1,1
2018-02,114408,23658,23901,18199,13305,9969,8673,6029,5434,6047,3819,3810,3595,2910,1092,4126,1315,1855,1545,1138,1056,428,4,750,618,578,592,645,1005,425,391,162,323,466,288,263,1767,242,226,262,161,151,143,205,155,144,74,79,68,67,69,65,78,58,57,63,54,40,41,39,191,37,27,24,21,23,0,23,603,18,13,0,9,35,9,8,4,12,7,6,7,2,1,1,7,6,5,5,3,0,1,0,39,4,6,5,3,3,3,3,3,3,2,0,0,2,0,2,18,0,0,0,0,5,1,0,0,0,1,0,0,1,1,0,1,0,0,0,48,0,1,1,25,1,1,1,0,1,2,1,1,0,1,0,1,5,0,0,0,0,1,0,1,0,0,1,5,0,0,0,0,0,0,1,0,0,1,0,0,1,0,1,1
2018-03,114648,23714,23968,18213,13337,9969,8683,6030,5436,6058,3825,3828,3603,2915,1093,4126,1316,1856,1558,1150,1102,430,3,750,618,578,592,646,1005,426,391,162,323,471,288,264,1768,242,227,262,161,151,143,205,155,144,74,80,68,67,69,65,79,58,57,67,54,40,41,39,191,37,27,24,21,23,0,23,603,18,13,0,9,35,9,8,4,12,7,6,7,2,1,1,7,6,5,5,3,1,1,0,39,4,6,5,4,3,3,3,3,3,2,0,0,2,0,2,18,0,0,0,0,5,1,0,0,0,1,0,0,1,1,0,1,0,0,0,51,0,1,1,25,1,1,1,0,1,2,1,1,0,1,0,1,5,0,0,0,0,1,0,1,0,0,1,5,0,0,0,0,0,0,1,0,0,1,0,0,1,0,1,1
2018-04,115240,23776,24188,18284,13364,9969,8836,6036,5464,6471,3834,3889,3618,2926,1096,4152,1326,2174,1593,1215,1127,434,3,750,619,579,608,681,1006,427,390,162,325,1075,288,278,1778,248,227,266,161,153,143,212,156,145,74,80,67,68,69,65,83,58,57,69,54,41,41,42,191,37,27,24,21,23,9,24,603,18,14,0,9,35,9,8,4,12,7,6,7,2,1,1,7,6,6,5,3,1,1,0,39,4,6,6,4,3,4,3,3,5,3,0,0,2,0,2,18,0,0,0,0,5,1,0,0,0,1,0,0,1,1,0,1,0,0,0,51,0,1,1,25,1,1,1,0,1,2,1,1,0,1,0,1,5,0,0,0,0,1,0,1,0,0,1,5,0,0,0,0,0,0,1,0,0,1,0,0,1,0,1,1
2018-05,115298,23859,24209,18292,13367,9969,8866,6043,5465,6473,3836,3911,3621,2928,1096,4158,1328,2480,1604,1219,1128,435,3,750,619,581,608,684,1007,428,390,162,325,1076,288,277,1779,248,228,268,161,153,143,212,156,145,74,80,67,68,69,65,84,60,57,69,54,41,41,42,191,37,27,26,21,23,9,25,603,18,14,0,9,35,9,8,4,12,7,6,7,2,1,1,7,6,6,4,3,1,1,0,39,4,6,6,4,3,4,3,3,5,3,0,0,2,0,2,18,0,0,0,0,5,1,0,0,0,1,0,0,1,1,0,1,0,0,0,51,0,1,1,25,1,1,1,0,1,2,1,1,0,1,0,1,5,0,0,0,0,1,0,1,0,0,1,5,0,0,0,0,0,0,1,0,0,1,0,0,1,0,1,1
2018-06,116430,24016,24533,20939,14834,9979,8961,6057,5535,6567,3861,3936,3637,2943,1101,4174,1347,2485,1979,1269,1192,439,3,751,621,583,617,703,1014,430,402,163,330,1170,289,291,1798,248,228,283,163,156,145,215,159,145,74,80,67,69,69,65,85,62,58,71,54,42,42,46,193,38,27,26,21,24,9,25,604,18,14,0,9,35,9,8,4,12,9,6,7,2,1,1,8,6,6,4,3,1,1,0,39,4,6,6,4,3,4,3,3,5,3,0,0,4,0,5,18,0,0,0,0,5,1,0,0,0,1,0,0,1,1,0,1,0,0,0,53,0,1,1,25,1,1,1,0,1,2,1,1,0,1,0,1,5,0,0,1,0,1,0,1,0,0,1,5,0,0,0,0,0,0,1,0,0,1,0,0,1,0,1,1
2018-07,116733,24188,25724,21113,14990,9988,9075,6066,5584,7333,3881,4071,3652,3058,1104,4186,1355,2493,2262,1274,1304,441,3,751,622,585,617,724,1016,433,403,164,331,1263,291,292,1817,256,228,287,163,157,147,216,164,146,74,80,67,69,71,65,86,62,60,72,55,42,42,49,193,38,27,26,22,24,9,25,605,17,14,0,9,35,9,8,4,13,9,6,7,3,1,1,8,6,6,4,3,1,1,0,39,4,6,6,4,3,4,3,3,5,3,0,0,4,0,5,18,0,0,0,0,5,1,0,0,0,1,0,0,1,1,0,1,0,0,0,53,0,1,1,25,1,1,1,0,1,2,1,1,0,1,0,1,5,0,0,1,0,1,0,1,0,0,1,5,0,0,0,0,0,0,1,1,0,1,0,0,1,0,1,1
2018-08,117661,24436,25753,21150,16787,9991,9224,6098,5591,7557,3897,4359,3659,3063,1105,4264,1359,2800,2275,1275,1308,441,3,751,622,588,617,965,1030,431,403,164,333,1265,291,295,1823,265,239,310,163,157,147,217,164,149,74,80,69,69,73,65,86,62,60,97,60,43,42,52,199,38,27,27,22,24,9,27,605,20,14,0,9,36,9,8,4,13,9,6,7,4,1,1,8,6,6,4,3,1,1,0,39,5,6,15,4,3,4,3,3,5,3,0,0,4,0,6,21,0,0,0,0,5,1,0,0,0,1,0,0,1,1,0,1,0,0,0,53,0,1,1,25,1,1,1,0,1,2,1,1,0,1,0,1,5,0,0,1,0,1,0,1,0,0,1,5,0,0,0,0,0,0,1,1,0,1,0,0,1,0,1,1
2018-09,120179,24738,26031,21301,17086,10055,10479,6144,5785,7749,4366,4423,3961,3084,1113,4313,1407,3787,2289,1294,1363,462,3,752,625,599,627,991,1042,441,437,166,343,1352,298,320,1869,265,239,311,169,162,149,217,169,152,74,118,76,69,73,65,89,83,63,97,60,44,54,54,198,38,27,28,22,26,10,28,627,20,14,0,9,36,9,8,4,13,9,8,8,4,1,1,8,6,6,4,3,2,1,0,39,5,6,15,4,3,4,3,3,5,3,0,0,4,0,6,24,0,0,0,0,5,1,0,0,0,1,0,0,1,1,0,1,0,0,0,56,0,1,1,25,1,1,1,0,1,2,1,1,0,1,0,1,5,0,0,1,0,1,0,1,2,0,1,5,0,0,0,0,0,0,1,1,0,1,0,0,1,0,1,1
2018-10,123697,25120,26039,21317,17116,10062,10538,6145,5811,7762,4387,4456,4053,3099,1115,4319,1424,4053,2304,1301,1368,464,3,752,626,601,627,992,1119,438,440,167,343,1354,298,321,1872,265,240,311,169,162,151,217,169,152,74,122,76,69,73,65,89,84,63,97,61,45,55,54,198,38,27,28,22,26,10,28,627,20,14,0,9,36,9,8,4,13,9,8,8,4,1,1,8,6,6,4,3,2,1,0,39,5,6,15,4,3,4,3,3,5,3,0,0,4,0,6,25,0,0,0,0,5,1,0,0,0,1,0,0,1,1,0,1,0,0,0,69,0,1,1,25,1,1,1,0,1,2,1,1,0,1,0,1,5,0,0,1,0,1,0,1,2,0,1,5,0,0,0,0,0,0,1,1,0,1,0,0,1,0,1,1
2018-11,123825,25209,26091,21403,17157,10108,10602,6162,5832,7765,4412,4548,4064,3112,1118,4329,1426,4061,2317,1323,1377,467,5,752,626,603,628,1125,1120,444,443,168,347,1355,298,324,1886,270,243,311,169,162,151,218,169,152,74,122,76,69,73,65,89,85,63,99,61,45,55,55,198,38,27,28,22,26,10,29,627,20,14,0,9,36,9,8,4,13,9,8,8,4,1,1,8,6,7,4,3,2,1,0,39,5,6,21,4,3,4,3,3,5,3,0,0,4,0,6,25,0,0,0,0,6,1,0,0,0,1,0,0,1,1,0,1,0,0,0,70,0,1,1,25,1,1,1,0,1,2,1,1,0,1,0,1,5,0,0,1,0,2,0,1,2,0,1,5,1,0,0,0,0,0,1,1,0,1,0,0,1,0,1,1
2018-12,123911,25300,26318,21504,17189,10117,10677,6172,5847,7792,4457,4639,4090,3118,1120,4337,1429,4071,2335,1335,1384,470,5,752,626,604,630,1129,1120,447,444,168,349,1442,301,324,1908,278,244,312,169,162,151,218,168,153,74,122,76,69,74,65,89,85,63,100,62,45,55,56,198,38,27,28,22,26,10,29,627,20,14,0,9,36,9,8,4,13,9,8,8,4,1,1,8,6,7,4,3,2,1,0,39,5,6,21,5,3,4,3,3,5,3,0,0,4,0,6,26,0,0,0,0,6,1,0,0,0,1,0,0,1,1,0,1,0,0,0,72,0,1,1,25,1,1,1,0,1,2,2,1,0,1,0,1,5,0,0,1,0,2,0,1,2,0,1,6,1,0,0,0,0,0,1,1,0,1,0,0,1,0,1,1
2019-01,125385,25313,26363,21583,17217,10118,10694,6177,5857,7805,4461,4668,4093,3123,1125,4344,1430,4075,2410,1343,1387,471,5,753,627,604,630,1147,1120,449,444,168,349,1560,301,326,1908,280,244,312,169,162,151,218,168,153,74,122,77,69,75,65,89,85,63,101,62,45,55,57,198,38,27,28,22,26,10,33,627,20,14,0,9,36,9,8,4,13,9,8,8,4,1,1,8,6,7,4,3,2,1,0,39,5,6,21,5,3,4,3,3,5,3,0,0,4,0,6,26,0,0,0,0,6,1,0,0,0,1,0,0,1,1,0,1,0,0,0,72,0,1,1,25,1,1,1,0,1,2,2,1,0,1,0,1,5,0,0,1,0,2,0,1,2,0,1,6,1,0,0,0,0,0,1,1,0,1,0,0,1,0,1,1
2019-02,125469,25347,26370,21596,17224,10119,10697,6182,5857,7806,4483,4678,4093,3126,1125,4345,1431,4075,2414,1367,1392,471,5,753,627,604,630,1147,1120,449,445,169,349,1560,301,326,1912,280,244,312,169,162,151,218,168,153,74,122,77,70,75,65,89,85,63,101,63,45,55,57,199,38,27,28,22,26,10,34,627,20,14,0,9,36,9,8,4,13,9,8,8,4,1,1,8,6,7,4,3,2,1,0,39,5,6,21,5,3,4,3,3,5,3,0,0,4,0,6,26,0,0,0,0,6,1,0,0,0,1,0,0,1,1,0,1,0,0,0,72,0,1,1,25,1,1,1,0,1,2,2,1,0,1,0,1,5,0,0,1,0,2,0,1,2,0,1,6,1,0,0,0,0,0,1,1,0,1,0,0,1,0,1,1
2019-03,125607,25520,26431,21680,17277,10118,10755,6194,5878,7833,4531,4708,4109,3154,1138,4427,1435,4098,2420,1394,1427,471,5,754,623,605,634,1152,1120,454,447,169,355,1560,301,344,1928,284,246,312,170,163,151,223,168,154,74,122,80,71,76,65,90,85,65,101,63,45,55,59,199,38,29,30,21,28,10,36,631,20,14,0,9,36,9,8,4,13,9,9,8,4,1,1,9,6,7,4,3,2,1,0,39,5,6,21,5,3,4,3,3,5,4,0,0,5,0,6,28,0,0,0,0,7,1,0,0,0,1,0,0,1,1,0,1,0,0,0,75,0,1,1,25,1,1,1,0,1,2,2,1,0,1,0,1,5,0,0,1,0,2,0,1,2,0,1,6,1,0,0,0,0,0,1,1,0,1,0,0,1,0,1,1
2019-04,125628,25785,26433,21733,17306,10118,10770,6204,5889,7847,4565,4736,4109,3161,1141,4434,1437,4102,2432,1396,1442,471,5,754,624,606,634,1153,1121,455,448,169,355,1560,301,344,1931,285,245,314,170,164,152,225,169,154,74,124,80,71,76,65,92,85,65,101,63,45,55,60,199,38,29,30,21,28,10,36,631,20,14,0,9,36,9,8,4,13,9,9,8,4,1,1,9,6,9,4,3,2,1,0,39,5,6,21,5,3,4,3,3,5,4,0,0,5,0,6,28,0,0,0,0,7,1,0,0,0,1,0,0,1,1,0,1,0,0,0,75,0,1,1,25,1,1,1,0,1,2,2,1,0,1,0,1,5,0,0,1,0,2,0,1,2,0,1,6,1,0,0,0,0,0,1,1,0,1,0,0,1,0,1,1
2019-05,125697,25839,26439,21740,17319,10118,10793,6233,5892,7908,4630,4741,4111,3162,1141,4435,1439,4103,2437,1407,1446,472,5,754,624,606,635,1154,1121,455,449,169,356,1560,302,346,1932,285,245,315,170,164,152,225,169,154,74,125,80,71,76,65,93,85,65,101,63,45,56,60,199,38,29,30,21,28,10,36,631,20,14,0,9,36,9,8,4,13,9,9,8,4,1,1,9,6,9,4,3,2,1,0,39,5,6,21,5,3,4,4,3,5,4,0,0,5,0,6,28,0,0,0,0,7,1,0,0,0,1,0,0,1,1,0,1,0,0,0,75,0,1,1,25,1,1,1,0,1,2,2,1,0,1,0,1,5,0,0,1,0,2,0,1,2,0,1,6,1,0,0,0,0,0,1,1,0,1,0,0,1,0,1,1
2019-06,125711,25916,26462,21752,17328,10118,10793,6261,5894,7910,4656,4746,4111,3166,1141,4436,1439,4104,2441,1409,1448,472,5,754,624,606,645,1156,1121,456,449,169,356,1561,303,347,1932,290,247,315,170,164,152,225,169,154,74,125,80,71,76,65,93,85,68,101,63,45,56,60,199,38,29,30,21,28,10,36,631,20,14,0,9,36,9,8,4,13,9,9,8,4,1,1,9,7,9,4,3,2,1,0,39,5,6,21,5,3,4,4,3,5,4,0,0,5,0,6,28,0,0,0,0,7,1,0,0,0,1,0,0,1,1,0,1,0,0,0,76,0,1,1,25,1,1,1,0,1,2,2,1,0,1,0,1,5,0,0,1,0,2,2,1,2,0,1,6,1,0,0,0,0,0,1,1,0,1,0,0,1,0,1,1
2019-07,125741,26028,26467,21787,17343,10125,10803,6269,5895,7918,4750,4752,4115,3167,1141,4443,1441,4109,2446,1411,1450,473,5,754,624,606,645,1156,1140,457,450,169,356,1562,303,352,1934,291,249,315,170,164,152,227,169,154,74,125,80,71,76,65,93,85,69,101,63,45,56,60,199,38,29,30,21,28,10,36,631,20,14,0,9,36,9,8,4,13,9,9,8,4,1,1,9,7,9,4,3,2,1,0,39,5,6,21,5,3,4,4,3,5,4,0,0,5,0,6,28,0,0,0,0,7,1,0,0,0,1,0,0,1,1,0,1,0,0,0,77,0,1,1,25,1,1,1,0,1,2,2,1,0,1,0,1,5,0,0,1,0,2,2,1,2,0,1,6,1,0,0,0,0,0,1,1,0,1,0,0,1,0,1,1
2019-08,125993,26081,26484,21796,17415,10131,10873,6276,5906,7943,4818,4843,4127,3174,1146,4458,1448,4116,2498,1416,1452,482,5,755,624,606,646,1166,1149,463,451,170,358,1563,303,355,1945,292,249,316,170,165,152,227,169,154,74,131,80,71,76,65,95,85,69,103,63,45,56,61,199,38,29,30,21,30,10,36,631,20,14,0,9,36,9,8,4,13,9,9,8,4,1,1,9,7,9,4,3,2,1,0,39,5,6,21,5,3,4,4,3,5,4,0,0,5,0,6,29,0,0,0,0,7,1,0,0,0,1,0,0,1,1,0,1,0,0,0,77,0,1,1,25,1,1,1,0,1,2,2,1,0,1,0,1,6,0,0,1,0,2,2,1,2,0,1,6,1,0,0,0,0,0,1,1,0,1,0,0,1,0,1,1
2019-09,126023,26155,26494,21810,17421,10135,10887,6278,5928,7945,4832,4846,4130,3176,1146,4465,1452,4119,2506,1416,1454,483,5,755,624,608,646,1166,1776,464,451,170,358,1564,307,357,1950,292,250,316,170,165,153,228,169,154,74,133,80,71,78,65,96,85,69,103,63,45,56,63,199,38,29,31,21,30,10,37,631,21,14,0,9,36,9,8,4,13,9,9,8,4,1,1,9,7,9,4,3,2,1,0,39,5,6,21,5,3,4,4,3,5,4,0,0,5,0,7,29,0,0,0,0,7,1,0,0,0,1,0,0,1,1,0,1,0,0,0,77,0,1,1,25,1,1,1,0,1,2,2,1,0,1,0,1,6,0,0,1,0,2,2,1,2,0,1,6,1,0,0,0,0,0,1,1,0,1,0,0,1,0,1,1
2019-10,126129,26223,26514,21899,17482,10140,10935,6299,5942,8021,4857,4867,4138,3181,1151,4472,1455,4121,2520,1481,1465,486,5,758,625,608,646,1169,2078,464,451,170,362,1564,307,365,1958,295,250,317,170,166,153,229,173,154,74,133,80,71,78,65,102,85,69,105,63,45,56,64,205,38,30,31,22,33,10,39,631,21,14,0,9,36,9,8,4,13,9,10,8,4,1,1,9,7,9,4,3,2,1,0,39,5,6,19,5,3,4,4,3,5,4,0,0,6,0,7,29,0,0,0,0,8,1,0,0,0,1,0,0,1,1,0,1,0,0,0,78,0,1,2,25,1,1,1,0,1,2,2,1,0,1,0,1,6,0,0,1,0,2,2,1,2,0,1,6,1,0,0,0,0,0,1,1,0,1,0,0,1,0,1,1
2019-11,126221,26242,26529,21914,17491,10147,10966,6304,5942,8021,4872,4879,4144,3186,1152,4478,1459,4123,2532,1483,1467,487,5,758,625,610,646,1170,2079,466,451,170,362,1566,307,365,1961,296,251,317,170,167,154,229,173,154,74,134,80,71,78,65,102,85,69,107,63,45,56,64,205,38,30,31,22,33,10,39,631,21,14,0,9,36,9,8,4,13,9,10,9,4,1,1,9,7,9,4,3,2,1,0,39,5,6,19,5,3,4,4,3,5,4,0,0,6,0,7,29,0,0,0,0,8,1,0,0,0,1,0,0,1,1,0,1,0,0,0,80,0,1,2,25,1,1,1,0,1,2,2,1,0,1,0,1,6,0,0,1,0,2,2,1,2,0,1,6,1,0,0,0,0,0,1,1,0,1,0,0,1,0,1,1
2019-12,126255,26248,26545,21942,17495,10149,10976,6305,5946,8024,4872,4881,4145,3186,1152,4482,1460,4123,2533,1492,1468,489,5,758,625,611,646,1170,2080,466,451,170,362,1566,307,365,1962,296,251,318,170,167,154,229,173,154,74,134,80,71,78,65,102,85,69,107,63,45,56,65,205,38,30,31,22,34,10,39,631,21,14,0,9,36,9,8,4,13,9,10,9,4,1,1,9,7,9,4,3,2,1,0,39,5,6,19,6,3,4,4,3,5,4,0,0,6,0,7,29,0,0,0,0,8,1,0,0,0,1,0,0,1,1,0,1,0,0,0,80,0,1,2,25,1,1,1,0,1,2,2,1,0,1,0,1,6,0,0,1,0,2,2,1,2,0,1,6,1,0,0,0,0,0,1,1,0,1,0,0,1,0,1,1
2020-01,126261,26250,26549,21946,17496,10149,10977,6305,5947,8024,4872,4881,4145,3186,1152,4483,1461,4123,2533,1492,1468,489,5,758,625,611,646,1170,2080,466,451,170,362,1566,307,367,1962,296,251,318,170,167,154,230,174,154,74,134,80,71,78,65,102,85,69,107,63,45,56,65,205,38,30,31,22,34,10,39,631,21,14,0,9,36,9,8,4,13,9,10,9,4,1,1,9,7,9,4,3,2,1,0,39,5,6,19,6,3,4,4,3,5,4,0,0,6,0,7,29,0,0,0,0,8,1,0,0,0,1,0,0,1,1,0,1,0,0,0,80,0,1,2,25,1,1,1,0,1,2,2,1,0,1,0,1,6,0,0,1,0,2,2,1,2,0,1,6,1,0,0,0,0,0,1,1,0,1,0,0,1,0,1,1
2020-02,126277,26351,26769,21965,17504,10150,11003,6306,5950,8039,4876,4886,4147,3186,1152,4484,1465,4125,2539,1493,1468,490,5,758,625,613,646,1180,2081,467,451,169,363,1575,307,369,1964,298,251,319,170,168,155,230,174,154,74,135,80,71,78,65,103,85,69,107,64,45,56,66,205,38,30,31,22,34,10,39,631,21,14,0,9,36,9,8,4,13,9,10,9,4,1,1,9,7,9,4,3,2,1,0,39,5,6,20,6,3,4,4,3,5,4,0,0,6,0,8,29,0,0,0,0,8,1,0,0,0,1,0,0,1,1,0,1,0,0,0,80,0,1,2,25,1,1,1,0,1,2,2,1,0,1,0,1,6,0,0,1,0,2,2,1,2,0,1,6,1,0,0,0,0,0,1,1,0,1,0,0,1,0,1,1
2020-03,126352,26543,26800,21973,17519,10150,11004,6320,5952,8040,4877,4902,4148,3186,1152,4484,1469,4128,2547,1495,1469,490,5,758,625,613,646,1180,2080,467,451,169,363,1576,307,369,1965,298,251,321,170,168,155,230,174,154,74,135,80,71,78,65,104,85,69,107,64,45,56,66,205,38,30,31,22,34,10,39,631,21,14,0,9,36,9,8,4,13,9,10,9,5,1,1,9,7,9,4,3,2,1,0,39,5,6,20,6,3,4,4,3,5,4,0,0,6,0,8,29,0,0,0,0,8,1,0,0,0,1,0,0,1,1,0,1,0,0,0,80,0,1,2,25,1,1,1,0,1,2,2,1,0,1,0,1,6,0,0,1,0,2,2,1,2,0,1,6,1,0,0,0,0,0,1,1,0,1,0,0,1,0,1,1
2020-04,126437,26549,26797,21977,17526,10150,11016,6326,5962,8060,4877,4904,4203,3187,1152,4487,1478,4129,2559,1497,1471,491,5,758,624,612,647,1179,2080,476,451,171,364,1577,307,369,1970,299,251,321,170,170,155,232,175,154,74,135,85,71,78,64,104,85,72,107,64,45,56,66,206,38,30,31,22,34,10,39,631,21,14,0,9,36,9,8,4,13,9,10,9,6,1,1,9,7,9,4,3,2,1,0,39,5,6,20,6,3,4,4,3,5,4,0,0,6,0,8,29,0,0,0,0,8,1,0,0,0,1,0,0,1,1,0,1,0,0,0,80,0,1,2,25,1,1,1,0,1,2,2,1,0,1,0,1,6,0,0,1,0,2,2,1,2,0,1,6,1,0,0,0,0,0,1,1,0,1,0,0,1,0,1,1
2020-05,127011,26612,26799,21987,18389,10150,11016,6326,5962,8060,4877,5020,4203,3187,1152,4487,1478,4129,2726,1497,1471,491,5,758,624,612,647,1179,2080,476,451,171,364,1577,307,369,1970,299,251,335,170,170,155,232,175,154,74,135,85,71,78,64,104,85,72,107,64,45,56,66,206,38,30,31,22,34,10,40,631,21,14,0,9,36,9,8,4,13,9,10,9,6,1,1,9,7,9,4,3,2,1,0,39,5,6,20,6,3,4,4,3,5,4,0,0,6,0,8,29,0,0,0,0,8,1,0,0,0,1,0,0,1,1,0,1,0,0,0,80,0,1,2,25,1,1,1,0,1,2,2,1,0,1,0,1,6,0,0,1,0,2,2,1,2,0,1,6,1,0,0,0,0,0,1,1,0,1,0,0,1,0,1,1
2020-06,127012,26612,26816,21987,18389,10150,11017,6326,5962,8060,4877,5020,4203,3187,1152,4488,1478,4129,2726,1498,1471,491,5,758,624,612,647,1179,2080,476,451,171,364,1577,307,373,1970,299,251,335,170,170,155,233,175,154,74,135,85,71,78,64,105,85,72,107,64,45,56,66,206,38,31,31,22,34,10,40,631,21,14,0,9,36,9,8,4,13,9,10,9,6,1,1,9,7,9,4,3,2,1,0,39,5,6,20,6,3,4,4,3,5,4,0,0,6,0,8,29,0,0,0,0,8,1,0,0,0,1,0,0,1,1,0,1,0,0,0,80,0,1,2,25,1,1,1,0,1,2,2,1,0,1,0,1,6,0,0,1,0,2,2,1,2,0,1,6,1,0,0,0,0,0,1,1,0,1,0,0,1,0,1,1
2020-07,127016,26614,26861,21991,18390,10150,11020,6326,5963,8059,4877,5020,4203,3187,1152,4488,1478,4129,2727,1500,1472,491,5,758,624,612,647,1179,2080,476,451,171,365,1577,307,373,1970,299,251,335,170,170,155,234,175,154,74,135,85,71,78,64,105,85,72,107,64,45,56,66,206,38,31,31,22,34,10,40,631,21,14,0,9,36,9,8,4,13,9,10,9,6,1,1,9,7,9,4,3,2,1,0,39,5,6,20,6,3,4,4,3,5,4,0,0,6,0,8,29,0,0,0,0,8,1,0,0,0,1,0,0,1,1,0,1,0,0,0,80,0,1,2,25,1,1,1,0,1,2,2,1,0,1,0,1,6,0,0,1,0,2,2,1,2,0,1,6,1,0,0,0,0,0,1,1,0,1,0,0,1,0,1,1
2020-08,127043,26639,26862,22004,18430,10151,11036,6327,5963,8065,4884,5025,4212,3196,1150,4488,1482,4132,2730,1506,1478,491,5,758,624,614,647,1182,2081,477,455,171,366,1577,307,374,1973,299,251,335,171,171,155,236,176,154,74,136,85,71,78,64,105,86,73,108,64,46,57,66,206,39,31,31,23,34,10,40,631,21,14,0,9,36,9,8,4,13,9,10,9,6,1,1,9,7,9,4,3,2,1,0,39,5,6,20,6,3,4,4,3,5,4,0,0,6,0,8,29,0,0,0,0,8,1,0,0,0,1,0,0,1,1,0,1,0,0,0,80,0,1,2,25,1,1,1,0,1,2,2,1,0,1,0,1,6,0,0,1,0,2,2,1,2,0,1,6,1,0,0,0,0,0,1,1,0,1,0,0,1,0,1,1
2020-09,127080,26641,26863,22012,18695,10152,11044,6328,5963,8065,4889,5028,4213,3196,1151,4489,1482,4133,2734,1507,1478,491,5,758,624,614,647,1183,2081,485,455,171,366,1579,307,375,1973,317,251,335,171,171,155,235,177,157,74,136,85,72,78,64,106,86,73,108,64,46,57,66,206,39,31,31,23,34,10,41,631,21,14,0,9,36,9,8,4,13,9,10,9,6,1,1,9,7,9,4,3,2,1,0,39,5,6,20,6,3,4,4,3,5,4,0,0,6,0,8,29,0,0,0,0,8,1,0,0,0,1,0,0,1,1,0,1,0,0,0,80,0,1,2,25,1,1,1,0,1,2,2,1,0,1,0,1,6,0,0,1,0,2,2,1,2,0,1,6,1,0,0,0,0,0,1,1,0,1,0,0,1,0,1,1
